High,Low,Open,Close,Volume,Adj Close
67600.0,66100.0,67400.0,66200.0,225661.0,53990.58203125
66500.0,65000.0,65500.0,66400.0,160272.0,54153.69140625
66400.0,65600.0,66200.0,65700.0,126267.0,53582.79296875
66000.0,65000.0,65700.0,65600.0,174800.0,53501.234375
67300.0,65800.0,65800.0,65800.0,179142.0,53664.34765625
68500.0,66200.0,66500.0,68000.0,375053.0,55458.59765625
67500.0,66600.0,67300.0,66800.0,157249.0,54479.91796875
68600.0,66800.0,66800.0,67800.0,258356.0,55295.484375
67800.0,66300.0,67800.0,66300.0,214998.0,54072.1328125
66900.0,63800.0,66300.0,64000.0,320304.0,52196.33203125
64100.0,62500.0,64100.0,62500.0,327814.0,50972.98046875
62500.0,59300.0,62500.0,59700.0,829784.0,48689.39453125
61000.0,59600.0,59700.0,60300.0,333057.0,49178.73046875
61000.0,59500.0,60400.0,60200.0,282802.0,49097.16796875
60700.0,60100.0,60100.0,60500.0,162985.0,49341.83984375
61300.0,59900.0,60500.0,60300.0,241281.0,49178.73046875
60600.0,60100.0,60500.0,60400.0,186045.0,49260.28515625
61300.0,60400.0,60400.0,61000.0,211902.0,49749.625
61400.0,60100.0,60900.0,60500.0,155241.0,49341.83984375
61200.0,60600.0,60700.0,60600.0,107350.0,49423.39453125
61000.0,60400.0,60600.0,60500.0,106725.0,49341.83984375
61500.0,60500.0,60600.0,61200.0,142137.0,49912.73828125
61900.0,60600.0,61600.0,61100.0,233473.0,49831.18359375
61400.0,60600.0,61200.0,60700.0,110824.0,49504.95703125
61300.0,60500.0,61200.0,60900.0,145040.0,49668.06640625
60700.0,60000.0,60600.0,60200.0,263878.0,49097.16796875
61100.0,60300.0,60400.0,60400.0,212691.0,49260.28515625
60800.0,60200.0,60800.0,60400.0,176256.0,49260.28515625
60700.0,59800.0,60300.0,60200.0,151354.0,49097.16796875
60300.0,59100.0,60200.0,59500.0,167032.0,48526.2734375
59900.0,59200.0,59500.0,59800.0,120704.0,48770.9453125
61000.0,59500.0,59500.0,60900.0,154602.0,49668.06640625
61700.0,59800.0,61100.0,59800.0,412036.0,48770.9453125
62000.0,60200.0,60300.0,61700.0,374254.0,50320.5234375
62300.0,60700.0,62300.0,61400.0,195005.0,50075.8515625
61800.0,60800.0,61600.0,61500.0,182617.0,50157.41015625
61900.0,61000.0,61400.0,61800.0,181973.0,50402.08203125
62300.0,61600.0,61900.0,62100.0,142386.0,50646.75390625
62700.0,62100.0,62100.0,62400.0,201535.0,50891.421875
62100.0,60700.0,61800.0,61800.0,148029.0,51899.171875
62200.0,61300.0,61800.0,62200.0,117338.0,52235.0859375
62700.0,61700.0,62100.0,62500.0,149590.0,52487.02734375
62300.0,60800.0,61700.0,61300.0,209182.0,51479.2734375
62400.0,61400.0,61400.0,62000.0,228148.0,52067.12890625
62400.0,61700.0,62200.0,62200.0,137212.0,52235.0859375
62400.0,61400.0,62200.0,61800.0,119855.0,51899.171875
62600.0,61800.0,61900.0,62300.0,141731.0,52319.06640625
65600.0,61800.0,62400.0,65300.0,423317.0,54838.4453125
65500.0,63900.0,65500.0,64000.0,188144.0,53746.71484375
65400.0,64100.0,64100.0,64800.0,225921.0,54418.546875
67100.0,64800.0,64900.0,66800.0,272247.0,56098.13671875
66900.0,65300.0,66500.0,66800.0,213971.0,56098.13671875
66400.0,64700.0,66000.0,65700.0,176647.0,55174.36328125
65700.0,63600.0,65300.0,63600.0,167866.0,53410.796875
64800.0,63800.0,64600.0,64600.0,125024.0,54250.5859375
66500.0,64000.0,64600.0,65800.0,187314.0,55258.33984375
66400.0,65000.0,65900.0,66300.0,186365.0,55678.23828125
66700.0,65800.0,66000.0,66500.0,111904.0,55846.1953125
69400.0,66500.0,66500.0,67600.0,349730.0,56769.96484375
68900.0,66700.0,67100.0,68700.0,216134.0,57693.73828125
71500.0,68200.0,68700.0,70700.0,366088.0,59373.31640625
71200.0,68700.0,70600.0,69400.0,228726.0,58281.59375
69600.0,66500.0,68700.0,69400.0,282001.0,58281.59375
70600.0,68700.0,68700.0,70000.0,169207.0,58785.46484375
70200.0,67600.0,69500.0,68000.0,188431.0,57105.88671875
68900.0,66900.0,67600.0,67500.0,222661.0,56685.98828125
67100.0,64200.0,66800.0,66600.0,276021.0,55930.17578125
67100.0,63900.0,66300.0,63900.0,305362.0,53662.73828125
64600.0,62500.0,63300.0,63600.0,286967.0,53410.796875
63400.0,62100.0,62900.0,63300.0,239919.0,53158.859375
63700.0,61700.0,63300.0,62300.0,186756.0,52319.06640625
63600.0,62200.0,62500.0,62500.0,171499.0,52487.02734375
63600.0,62400.0,62800.0,62900.0,166925.0,52822.94140625
64700.0,63700.0,64300.0,64000.0,125302.0,53746.71484375
64300.0,63200.0,63600.0,63600.0,78574.0,53410.796875
64100.0,62400.0,64100.0,63600.0,200479.0,53410.796875
63500.0,62200.0,63000.0,62700.0,162513.0,52654.984375
64700.0,62700.0,63000.0,64600.0,156087.0,54250.5859375
67700.0,64700.0,64700.0,67100.0,266703.0,56350.0703125
67800.0,66000.0,66900.0,66200.0,147860.0,55594.25390625
66800.0,65300.0,65400.0,66100.0,167589.0,55510.28125
65900.0,64100.0,65000.0,65200.0,128556.0,54754.46484375
67200.0,64800.0,64800.0,66300.0,189233.0,55678.23828125
67100.0,65500.0,66500.0,66200.0,155545.0,55594.25390625
66700.0,63700.0,65300.0,66000.0,223679.0,55426.30078125
65800.0,64100.0,65300.0,65000.0,230545.0,54586.50390625
66500.0,64600.0,64700.0,65800.0,121610.0,55258.33984375
67400.0,66200.0,66300.0,66900.0,131967.0,56182.11328125
66700.0,64800.0,66300.0,65300.0,162961.0,54838.4453125
65500.0,63800.0,64800.0,64000.0,171937.0,53746.71484375
64200.0,62800.0,64200.0,63800.0,179151.0,53578.75390625
64100.0,62800.0,63900.0,63100.0,180065.0,52990.90234375
63700.0,62900.0,63500.0,63600.0,97195.0,53410.796875
63800.0,62900.0,63000.0,63600.0,100540.0,53410.796875
64000.0,63000.0,63300.0,63500.0,104704.0,53326.81640625
64400.0,63600.0,64000.0,64400.0,165713.0,54082.6328125
63500.0,61700.0,63200.0,61900.0,163271.0,51983.15234375
62500.0,61100.0,62500.0,62200.0,112387.0,52235.0859375
62600.0,61600.0,62100.0,62300.0,161637.0,52319.06640625
62400.0,60800.0,61800.0,62200.0,135516.0,52235.0859375
62200.0,61200.0,61900.0,61600.0,124782.0,51731.21484375
62200.0,61300.0,61700.0,62100.0,100501.0,52151.10546875
64300.0,62100.0,62100.0,64000.0,220880.0,53746.71484375
64200.0,62800.0,63300.0,63400.0,139656.0,53242.8359375
63100.0,60200.0,63000.0,60700.0,341186.0,50975.3984375
61500.0,60300.0,61000.0,60900.0,278958.0,51143.35546875
62000.0,60200.0,60800.0,60800.0,161897.0,51059.37890625
61300.0,60400.0,60900.0,60700.0,106722.0,50975.3984375
61500.0,60500.0,60800.0,61100.0,136602.0,51311.3203125
61600.0,60700.0,61000.0,61200.0,149951.0,51395.296875
61600.0,60700.0,61400.0,61400.0,164349.0,51563.25390625
61300.0,59800.0,61100.0,60000.0,295404.0,50387.546875
60800.0,59300.0,60400.0,59900.0,204446.0,50303.56640625
60200.0,59400.0,60000.0,59800.0,208447.0,50219.5859375
61400.0,59600.0,59800.0,61400.0,254268.0,51563.25390625
61700.0,60600.0,61200.0,61400.0,122691.0,51563.25390625
61400.0,60200.0,60900.0,60700.0,238034.0,50975.3984375
61200.0,60200.0,60200.0,60900.0,155595.0,51143.35546875
61200.0,60200.0,61000.0,60600.0,144045.0,50891.421875
60800.0,59600.0,60600.0,60200.0,198205.0,50555.5
60900.0,59900.0,60200.0,60500.0,140748.0,50807.4375
60900.0,60100.0,60200.0,60400.0,100542.0,50723.46484375
61300.0,60400.0,60600.0,61300.0,109790.0,51479.2734375
62300.0,61000.0,61400.0,61400.0,137577.0,51563.25390625
62200.0,60800.0,61500.0,62000.0,135160.0,52067.12890625
61600.0,60300.0,61500.0,60500.0,179074.0,50807.4375
60800.0,59700.0,60700.0,60300.0,192606.0,50639.48046875
63200.0,60200.0,60300.0,61600.0,399674.0,51731.21484375
62800.0,61500.0,62000.0,61800.0,204046.0,51899.171875
62200.0,61000.0,61800.0,61700.0,159287.0,51815.1875
62800.0,61900.0,62200.0,62700.0,145904.0,52654.984375
62700.0,61000.0,62100.0,61100.0,148157.0,51311.3203125
61900.0,60600.0,60900.0,61700.0,172699.0,51815.1875
61700.0,60600.0,61300.0,61000.0,175256.0,51227.3359375
62600.0,60700.0,60700.0,62400.0,120088.0,52403.046875
62500.0,61300.0,62200.0,61800.0,86290.0,51899.171875
61700.0,60800.0,61200.0,61100.0,124999.0,51311.3203125
61100.0,60100.0,60900.0,60300.0,151832.0,50639.48046875
60400.0,59100.0,60100.0,59200.0,277088.0,49715.71484375
60000.0,58700.0,59600.0,59000.0,204669.0,49547.75390625
59500.0,58700.0,59100.0,59200.0,143368.0,49715.71484375
59100.0,57500.0,58800.0,57600.0,195366.0,48372.046875
58400.0,57700.0,57900.0,58300.0,252168.0,48959.8984375
58400.0,57700.0,58300.0,57800.0,134495.0,48540.00390625
59000.0,58000.0,58200.0,58800.0,116456.0,49379.79296875
58700.0,58000.0,58400.0,58200.0,122138.0,48875.9140625
58900.0,57700.0,58300.0,58700.0,265561.0,49295.8125
58900.0,58400.0,58600.0,58600.0,93646.0,49211.8359375
59900.0,58400.0,58900.0,59600.0,142959.0,50051.62890625
60000.0,58700.0,59900.0,59600.0,169972.0,50051.62890625
59500.0,58600.0,59100.0,59100.0,201662.0,49631.73046875
59400.0,58000.0,59200.0,58000.0,241519.0,48707.9609375
58400.0,57100.0,57900.0,57700.0,159532.0,48456.01953125
57600.0,54800.0,57300.0,55100.0,356047.0,46272.5625
55700.0,54600.0,55200.0,54900.0,219681.0,46104.6015625
54900.0,53900.0,54700.0,54500.0,200870.0,45768.6875
55000.0,53800.0,54200.0,54700.0,193172.0,45936.64453125
55800.0,54400.0,54400.0,55800.0,110984.0,46860.4140625
56200.0,55100.0,55300.0,55600.0,155886.0,46692.4609375
55700.0,54000.0,55700.0,54000.0,193662.0,45348.7890625
54800.0,53400.0,54200.0,54100.0,182259.0,45432.76953125
54600.0,53400.0,54100.0,54400.0,132446.0,45684.70703125
54400.0,50700.0,54100.0,51000.0,377965.0,42829.4140625
51700.0,50500.0,51400.0,51500.0,246957.0,43249.3125
51300.0,50500.0,51000.0,50800.0,195655.0,42661.453125
51100.0,50100.0,50700.0,51100.0,154662.0,42913.390625
51800.0,50700.0,50700.0,51400.0,200865.0,43165.33203125
52100.0,51200.0,51400.0,51400.0,145178.0,43165.33203125
51900.0,51300.0,51500.0,51400.0,140644.0,43165.33203125
51600.0,50700.0,51200.0,51100.0,163211.0,42913.390625
51500.0,50700.0,51400.0,50700.0,220256.0,42577.48046875
52000.0,50900.0,50900.0,51800.0,145322.0,43501.24609375
52900.0,51300.0,51500.0,52500.0,177373.0,44089.09765625
52900.0,51000.0,52900.0,51200.0,176615.0,42997.3671875
52000.0,51200.0,51200.0,52000.0,176825.0,43669.203125
52600.0,51500.0,51900.0,51800.0,158550.0,43501.24609375
51800.0,50500.0,51800.0,51400.0,137980.0,43165.33203125
52400.0,51400.0,51600.0,51700.0,151027.0,43417.265625
52400.0,51400.0,51900.0,52200.0,118873.0,43837.1640625
52900.0,51900.0,52300.0,52500.0,121958.0,44089.09765625
53900.0,52700.0,52900.0,53000.0,125671.0,44508.99609375
53400.0,52400.0,53200.0,52700.0,97311.0,44257.0625
53800.0,52600.0,52600.0,53500.0,115698.0,44928.89453125
54000.0,52900.0,53700.0,53800.0,129858.0,45180.83203125
54000.0,53200.0,53900.0,53500.0,104668.0,44928.89453125
53500.0,52300.0,53000.0,52400.0,116284.0,44005.12109375
53200.0,52000.0,52100.0,53000.0,142862.0,44508.99609375
53400.0,52700.0,52800.0,53400.0,87004.0,44844.9140625
53800.0,52900.0,52900.0,53400.0,90933.0,44844.9140625
53300.0,52700.0,53000.0,53200.0,73367.0,44676.953125
53200.0,52400.0,53100.0,52500.0,186188.0,44089.09765625
54200.0,53200.0,53300.0,53700.0,292919.0,45096.8515625
53700.0,52800.0,53700.0,53500.0,156838.0,44928.89453125
54200.0,52700.0,53600.0,54000.0,173069.0,45348.7890625
53900.0,53100.0,53400.0,53800.0,111805.0,45180.83203125
54000.0,53000.0,53800.0,53700.0,121682.0,45096.8515625
55700.0,54000.0,54000.0,54200.0,225433.0,45516.74609375
55100.0,54400.0,54700.0,54500.0,160371.0,45768.6875
54700.0,53600.0,54400.0,53800.0,144827.0,45180.83203125
54100.0,52800.0,54100.0,53200.0,173197.0,44676.953125
53800.0,52900.0,53000.0,53600.0,111392.0,45012.87109375
54000.0,53400.0,53700.0,54000.0,82918.0,45348.7890625
54600.0,53500.0,53800.0,54400.0,127949.0,45684.70703125
54800.0,54000.0,54600.0,54800.0,105522.0,46020.625
54500.0,52800.0,54400.0,53400.0,255394.0,44844.9140625
53700.0,52700.0,53100.0,53100.0,189003.0,44592.9765625
53300.0,52800.0,52900.0,52800.0,93322.0,44341.0390625
52800.0,52100.0,52700.0,52400.0,127147.0,44005.12109375
52500.0,51600.0,52400.0,51800.0,193447.0,43501.24609375
52200.0,50800.0,51800.0,51100.0,298244.0,42913.390625
51700.0,50900.0,51400.0,51700.0,203405.0,43417.265625
52800.0,51300.0,51300.0,52500.0,163393.0,44089.09765625
53300.0,52300.0,52400.0,53000.0,158498.0,44508.99609375
53200.0,52400.0,53100.0,53100.0,119240.0,44592.9765625
53000.0,52200.0,52900.0,52200.0,274499.0,43837.1640625
53500.0,52500.0,52500.0,53400.0,165951.0,44844.9140625
53700.0,52500.0,53100.0,52900.0,151750.0,44425.01953125
52800.0,52100.0,52500.0,52500.0,113584.0,44089.09765625
52800.0,52100.0,52600.0,52300.0,105034.0,43921.140625
52500.0,51900.0,52200.0,52000.0,93136.0,43669.203125
52800.0,51700.0,52300.0,52000.0,196266.0,43669.203125
54100.0,51900.0,52100.0,54000.0,331643.0,45348.7890625
55200.0,53800.0,54200.0,55100.0,251874.0,46272.5625
56300.0,55200.0,55300.0,55500.0,259396.0,46608.48046875
56600.0,55100.0,55500.0,55900.0,218998.0,46944.3984375
56200.0,54400.0,56100.0,54800.0,164401.0,46020.625
55900.0,54300.0,55000.0,55500.0,226616.0,46608.48046875
55500.0,53700.0,55500.0,54500.0,106325.0,45768.6875
55200.0,53900.0,55200.0,54600.0,177581.0,45852.6640625
54000.0,51700.0,53400.0,51700.0,337683.0,43417.265625
52400.0,51100.0,51500.0,51700.0,248063.0,43417.265625
52000.0,50300.0,51700.0,51400.0,228722.0,43165.33203125
51800.0,51000.0,51600.0,51300.0,100694.0,43081.3515625
53300.0,51300.0,51700.0,52500.0,209796.0,44089.09765625
52500.0,51400.0,52400.0,51900.0,131136.0,43585.2265625
51500.0,50000.0,51400.0,51100.0,234394.0,42913.390625
51200.0,50100.0,51000.0,51000.0,129431.0,42829.4140625
51000.0,49600.0,51000.0,49850.0,204126.0,41863.65234375
50800.0,49750.0,50100.0,50500.0,148291.0,42409.515625
50400.0,49450.0,50000.0,50300.0,204868.0,42241.55859375
50300.0,47550.0,50200.0,48000.0,323772.0,40310.03515625
48750.0,47500.0,48000.0,47700.0,206570.0,40058.09765625
48200.0,47200.0,48050.0,47300.0,166862.0,39722.1796875
48750.0,46700.0,47350.0,48500.0,235266.0,40729.93359375
49350.0,47950.0,48300.0,48000.0,144283.0,40310.03515625
49350.0,48100.0,48150.0,49150.0,156977.0,41275.796875
49000.0,48150.0,48950.0,48600.0,106039.0,40813.9140625
49150.0,48600.0,48700.0,49000.0,128611.0,41149.82421875
50400.0,48800.0,49150.0,49950.0,241806.0,41947.6328125
50500.0,49600.0,50100.0,49600.0,297503.0,41653.703125
51300.0,50300.0,50500.0,50900.0,425642.0,42745.4296875
51300.0,50400.0,50500.0,50900.0,167914.0,42745.4296875
51700.0,49900.0,50500.0,51700.0,222057.0,43417.265625
51100.0,49450.0,51100.0,49750.0,262049.0,41779.671875
50900.0,49650.0,49750.0,50900.0,180247.0,42745.4296875
51700.0,50200.0,51000.0,51500.0,134536.0,43249.3125
52800.0,51100.0,51200.0,51500.0,272181.0,43249.3125
52400.0,51000.0,51500.0,52300.0,139611.0,43921.140625
52100.0,51000.0,51500.0,51900.0,99300.0,43585.2265625
52000.0,51300.0,51700.0,51900.0,78991.0,43585.2265625
52000.0,50500.0,51900.0,51100.0,81280.0,42913.390625
51500.0,50400.0,50800.0,51300.0,174359.0,43081.3515625
51800.0,51000.0,51300.0,51500.0,106815.0,43249.3125
51600.0,50700.0,51600.0,51100.0,110204.0,42913.390625
51900.0,51100.0,51500.0,51800.0,148268.0,43501.24609375
52100.0,51400.0,51800.0,51500.0,179561.0,43249.3125
53000.0,51800.0,51900.0,52500.0,154375.0,44089.09765625
53200.0,51900.0,52800.0,52300.0,127690.0,43921.140625
52400.0,51500.0,51900.0,52200.0,89661.0,43837.1640625
52400.0,51000.0,52400.0,51600.0,135734.0,43333.28515625
51700.0,50100.0,51600.0,50700.0,170034.0,42577.48046875
51200.0,50000.0,50100.0,51200.0,132331.0,42997.3671875
52000.0,50600.0,50900.0,51700.0,158495.0,43417.265625
52300.0,51300.0,52200.0,51600.0,168909.0,43333.28515625
53100.0,51400.0,51500.0,52700.0,340193.0,44257.0625
53600.0,52500.0,52800.0,53500.0,189220.0,44928.89453125
53700.0,52300.0,53600.0,52600.0,129160.0,44173.08203125
53200.0,52200.0,52500.0,52500.0,152247.0,44089.09765625
53000.0,51700.0,52600.0,53000.0,129185.0,44508.99609375
53000.0,51400.0,53000.0,52600.0,162140.0,44173.08203125
52900.0,52200.0,52700.0,52900.0,204560.0,44425.01953125
53000.0,51800.0,52700.0,52000.0,130286.0,43669.203125
52200.0,50900.0,51700.0,51100.0,216785.0,42913.390625
50900.0,49800.0,50200.0,50500.0,143952.0,44047.28125
51800.0,50100.0,50100.0,51600.0,161625.0,45006.7265625
51200.0,48200.0,51100.0,48500.0,271228.0,42302.8359375
49150.0,47900.0,49150.0,48350.0,178992.0,42172.0
49450.0,47950.0,47950.0,49250.0,166264.0,42957.0
50700.0,49600.0,49650.0,50300.0,118533.0,43872.8359375
50600.0,49650.0,50500.0,49900.0,112218.0,43523.94921875
51200.0,49750.0,49800.0,50500.0,118926.0,44047.28125
51300.0,50500.0,50600.0,51000.0,202894.0,44483.39453125
51500.0,50700.0,51000.0,51300.0,77631.0,44745.0625
51300.0,50100.0,50800.0,50800.0,126704.0,44308.94921875
51600.0,50800.0,51100.0,51400.0,109959.0,44832.28125
51800.0,51200.0,51200.0,51400.0,105550.0,44832.28125
52100.0,51400.0,51400.0,51800.0,121383.0,45181.17578125
52100.0,51000.0,52000.0,52000.0,139071.0,45355.6171875
52600.0,51800.0,52300.0,52200.0,83576.0,45530.0625
52400.0,51700.0,52200.0,52100.0,74300.0,45442.83984375
52700.0,51900.0,52200.0,52500.0,131974.0,45791.7265625
52600.0,51600.0,51800.0,52400.0,122167.0,45704.5078125
53000.0,51600.0,52000.0,52600.0,194995.0,45878.953125
52700.0,52100.0,52600.0,52400.0,128831.0,45704.5078125
53000.0,51500.0,52000.0,53000.0,105195.0,46227.83984375
53600.0,52500.0,53300.0,53600.0,152371.0,46751.171875
54500.0,53700.0,53800.0,54400.0,177785.0,47448.953125
54500.0,53800.0,53900.0,53900.0,135103.0,47012.83984375
54500.0,53200.0,54500.0,54000.0,114202.0,47100.06640625
54200.0,52800.0,53700.0,52900.0,111232.0,46140.62109375
53500.0,52200.0,52900.0,52600.0,121719.0,45878.953125
53500.0,52600.0,52700.0,53400.0,157953.0,46576.7265625
53600.0,52700.0,53600.0,52800.0,144883.0,46053.39453125
53900.0,52400.0,52500.0,53900.0,196248.0,47012.83984375
54300.0,53100.0,53400.0,53800.0,128772.0,46925.62109375
54500.0,53800.0,54000.0,54000.0,118312.0,47100.06640625
54500.0,53600.0,54200.0,53800.0,92016.0,46925.62109375
54200.0,53100.0,53600.0,54000.0,128477.0,47100.06640625
54000.0,53200.0,53900.0,53600.0,116566.0,46751.171875
53800.0,53100.0,53600.0,53800.0,70107.0,46925.62109375
54300.0,53100.0,53800.0,53800.0,122430.0,46925.62109375
54300.0,53200.0,54200.0,53600.0,124420.0,46751.171875
54400.0,53500.0,53700.0,54100.0,143239.0,47187.28515625
54300.0,53500.0,54200.0,53600.0,229460.0,46751.171875
54000.0,52600.0,53600.0,52700.0,173826.0,45966.17578125
52900.0,51900.0,52600.0,52500.0,120091.0,45791.7265625
52600.0,51900.0,52500.0,52300.0,116069.0,45617.28125
52500.0,51500.0,52500.0,51800.0,120281.0,45181.17578125
52000.0,50700.0,51600.0,51400.0,120428.0,44832.28125
51400.0,50400.0,51400.0,51100.0,120068.0,44570.6171875
51900.0,51100.0,51600.0,51100.0,97031.0,44570.6171875
51700.0,51100.0,51500.0,51400.0,132353.0,44832.28125
53600.0,51700.0,51900.0,53600.0,361757.0,46751.171875
54700.0,53500.0,53600.0,54700.0,348070.0,47710.62109375
54700.0,54100.0,54700.0,54400.0,106235.0,47448.953125
55200.0,54300.0,54600.0,54500.0,101023.0,47536.17578125
54200.0,53300.0,54200.0,53900.0,113657.0,47012.83984375
54200.0,53300.0,53800.0,53600.0,111303.0,46751.171875
53700.0,52600.0,53600.0,53400.0,114303.0,46576.7265625
52900.0,52200.0,52900.0,52900.0,93986.0,46140.62109375
53100.0,52000.0,53000.0,52500.0,111981.0,45791.7265625
53000.0,52000.0,52300.0,52800.0,79466.0,46053.39453125
52800.0,52100.0,52600.0,52600.0,78285.0,45878.953125
53100.0,52300.0,52800.0,52800.0,121076.0,46053.39453125
53400.0,52500.0,52500.0,53100.0,77936.0,46315.0625
53400.0,52300.0,53100.0,53300.0,131302.0,46489.5078125
53200.0,52300.0,52800.0,53100.0,146610.0,46315.0625
53900.0,52800.0,53200.0,53500.0,143467.0,46663.953125
54100.0,53400.0,53700.0,53600.0,151632.0,46751.171875
54100.0,53300.0,53600.0,53600.0,150757.0,46751.171875
53800.0,53100.0,53600.0,53100.0,76583.0,46315.0625
53900.0,53100.0,53300.0,53800.0,130044.0,46925.62109375
54000.0,53400.0,53800.0,53700.0,167481.0,46838.3984375
54000.0,53400.0,53600.0,53500.0,77801.0,46663.953125
54700.0,53500.0,53500.0,54200.0,148458.0,47274.5078125
54300.0,53400.0,53800.0,54100.0,96501.0,47187.28515625
54000.0,53300.0,54000.0,53300.0,115680.0,46489.5078125
53500.0,52700.0,53000.0,53000.0,143627.0,46227.83984375
53200.0,52000.0,52900.0,53000.0,126128.0,46227.83984375
53100.0,52300.0,52800.0,52600.0,68411.0,45878.953125
53600.0,52900.0,53000.0,53000.0,113481.0,46227.83984375
54100.0,52500.0,53200.0,52800.0,164231.0,46053.39453125
53000.0,51900.0,52700.0,52500.0,133728.0,45791.7265625
52700.0,51900.0,52300.0,52000.0,100329.0,45355.6171875
52800.0,51800.0,52100.0,52800.0,65197.0,46053.39453125
52800.0,51800.0,52800.0,52000.0,117048.0,45355.6171875
52600.0,51700.0,51800.0,52100.0,92109.0,45442.83984375
52500.0,51900.0,52000.0,51900.0,85204.0,45268.39453125
52000.0,51400.0,51900.0,51600.0,144528.0,45006.7265625
51800.0,51100.0,51300.0,51400.0,168668.0,44832.28125
51500.0,49700.0,51400.0,49700.0,341985.0,43349.50390625
50700.0,49400.0,50200.0,50200.0,218133.0,43785.6171875
49950.0,48700.0,49850.0,49400.0,205129.0,43087.8359375
49750.0,49050.0,49400.0,49350.0,154019.0,43044.2265625
49850.0,49100.0,49100.0,49650.0,120070.0,43305.890625
50000.0,49300.0,49350.0,49600.0,136798.0,43262.28125
50500.0,49400.0,49950.0,50300.0,151626.0,43872.8359375
50500.0,49400.0,50500.0,49400.0,113819.0,43087.8359375
50500.0,49200.0,49300.0,50100.0,129494.0,43698.390625
50100.0,49350.0,49900.0,49950.0,90865.0,43567.55859375
50000.0,49000.0,50000.0,49550.0,118836.0,43218.66796875
50200.0,49000.0,49000.0,50100.0,115948.0,43698.390625
50000.0,48900.0,50000.0,49250.0,147627.0,42957.0
49950.0,48750.0,49100.0,49950.0,295104.0,43567.55859375
49950.0,49350.0,49950.0,49400.0,176576.0,43087.8359375
50600.0,49050.0,49650.0,50500.0,139413.0,44047.28125
50400.0,49950.0,50200.0,50100.0,134599.0,43698.390625
50200.0,49300.0,50000.0,49950.0,166702.0,43567.55859375
50400.0,49700.0,50100.0,50100.0,140318.0,43698.390625
51000.0,50000.0,50200.0,50800.0,149465.0,44308.94921875
51100.0,50100.0,51000.0,50600.0,89409.0,44134.50390625
51300.0,50200.0,50600.0,51300.0,119543.0,44745.0625
51300.0,50600.0,51100.0,50900.0,155890.0,44396.171875
51200.0,50500.0,50900.0,50700.0,116411.0,44221.73046875
51000.0,49800.0,50800.0,50900.0,241224.0,44396.171875
51000.0,50400.0,50900.0,51000.0,124925.0,44483.39453125
51300.0,50300.0,51100.0,50600.0,87602.0,44134.50390625
50600.0,50100.0,50400.0,50500.0,141345.0,44047.28125
51300.0,50500.0,50500.0,51200.0,97852.0,44657.8359375
51300.0,50700.0,51100.0,51100.0,134819.0,44570.6171875
51400.0,50800.0,51000.0,51200.0,101695.0,44657.8359375
52000.0,51200.0,51300.0,51300.0,102466.0,44745.0625
51900.0,51100.0,51600.0,51400.0,126263.0,44832.28125
51300.0,50600.0,51100.0,51100.0,123479.0,44570.6171875
51800.0,50600.0,51100.0,51500.0,153127.0,44919.5078125
51600.0,51100.0,51200.0,51200.0,64114.0,44657.8359375
51600.0,51000.0,51400.0,51300.0,61011.0,44745.0625
51800.0,50800.0,51000.0,51500.0,106880.0,44919.5078125
51700.0,50400.0,51500.0,50400.0,102901.0,43960.0625
51700.0,50500.0,50800.0,51500.0,114841.0,44919.5078125
52700.0,51600.0,51700.0,52400.0,156370.0,45704.5078125
52400.0,51400.0,52300.0,51500.0,104024.0,44919.5078125
51700.0,50900.0,51300.0,50900.0,54803.0,44396.171875
51500.0,50800.0,51200.0,50900.0,69422.0,44396.171875
52000.0,50900.0,51000.0,51200.0,134536.0,44657.8359375
52700.0,51200.0,51200.0,52200.0,144199.0,45530.0625
52600.0,51800.0,51800.0,52500.0,78660.0,45791.7265625
52900.0,51800.0,52700.0,52900.0,95346.0,46140.62109375
52900.0,52000.0,52900.0,52400.0,91193.0,45704.5078125
52300.0,51600.0,52200.0,51900.0,93665.0,45268.39453125
52800.0,51600.0,52000.0,52700.0,95924.0,45966.17578125
52600.0,51900.0,52400.0,52400.0,66327.0,45704.5078125
52600.0,51700.0,52300.0,52300.0,79393.0,45617.28125
52700.0,51700.0,52200.0,51800.0,82899.0,45181.17578125
52000.0,50700.0,51700.0,50900.0,133031.0,44396.171875
51200.0,50300.0,50500.0,51100.0,98620.0,44570.6171875
50900.0,49900.0,50900.0,50100.0,87054.0,43698.390625
50500.0,49900.0,50400.0,50200.0,58370.0,43785.6171875
50600.0,49800.0,50600.0,50300.0,80991.0,43872.8359375
50800.0,49750.0,50000.0,50200.0,105654.0,43785.6171875
49900.0,49050.0,49750.0,49200.0,133528.0,42913.390625
49300.0,48550.0,49000.0,48950.0,131085.0,42695.33203125
49300.0,47550.0,48600.0,48350.0,227471.0,42172.0
48550.0,47700.0,48450.0,48400.0,151072.0,42215.61328125
48950.0,47700.0,48750.0,47800.0,202436.0,41692.28125
48400.0,47550.0,47950.0,47850.0,116086.0,41735.88671875
48200.0,47500.0,47700.0,47500.0,82117.0,41430.61328125
47500.0,46450.0,47300.0,46600.0,144378.0,40645.61328125
47550.0,46700.0,46900.0,47050.0,131845.0,41038.109375
46600.0,46000.0,46600.0,46250.0,120168.0,40340.33203125
46950.0,46150.0,46400.0,46750.0,111265.0,40776.44140625
47150.0,46600.0,46650.0,46750.0,124301.0,40776.44140625
47500.0,46450.0,46850.0,47450.0,179862.0,41387.0
47300.0,46350.0,47250.0,46750.0,283351.0,40776.44140625
47050.0,46200.0,46800.0,46750.0,115064.0,40776.44140625
46200.0,45550.0,46200.0,45850.0,115011.0,39991.44140625
46200.0,45100.0,45850.0,45250.0,271110.0,39468.109375
46000.0,45150.0,45250.0,46000.0,134453.0,40122.27734375
46350.0,45800.0,46000.0,46000.0,81934.0,40122.27734375
48000.0,46500.0,46600.0,48000.0,209593.0,41866.7265625
48200.0,47450.0,47950.0,47850.0,70110.0,41735.88671875
48000.0,47300.0,47900.0,47400.0,100911.0,41343.390625
47850.0,47050.0,47100.0,47750.0,86574.0,41648.66796875
48300.0,47500.0,47500.0,48000.0,149508.0,41866.7265625
48400.0,47750.0,47750.0,48250.0,98317.0,42084.78125
48850.0,48000.0,48000.0,48550.0,88969.0,42346.4453125
48900.0,48350.0,48350.0,48550.0,118077.0,42346.4453125
49650.0,48850.0,48900.0,49150.0,221071.0,42869.78125
51200.0,50100.0,50700.0,50600.0,239799.0,44134.50390625
51000.0,50200.0,51000.0,50400.0,82769.0,43960.0625
50800.0,49800.0,50500.0,50700.0,128242.0,44221.73046875
50400.0,49650.0,50400.0,50000.0,119660.0,43611.171875
51200.0,49550.0,49550.0,51200.0,174895.0,44657.8359375
50900.0,50300.0,50900.0,50700.0,55549.0,44221.73046875
51200.0,50400.0,50700.0,51000.0,121975.0,44483.39453125
51100.0,50200.0,50600.0,50400.0,78053.0,43960.0625
51000.0,50100.0,50400.0,50400.0,88692.0,43960.0625
50800.0,49750.0,50700.0,49750.0,61348.0,43393.11328125
50600.0,49550.0,49900.0,50300.0,112061.0,43872.8359375
51000.0,49850.0,50100.0,50700.0,61632.0,44221.73046875
50500.0,49600.0,50100.0,49650.0,182652.0,43305.890625
50600.0,49500.0,49500.0,50300.0,136516.0,43872.8359375
50300.0,49600.0,50300.0,49800.0,91484.0,43436.7265625
50500.0,49600.0,49800.0,49850.0,131824.0,43480.33203125
50300.0,49000.0,49300.0,49500.0,245392.0,43175.05859375
50300.0,49850.0,49950.0,49850.0,80838.0,43480.33203125
50900.0,50000.0,50100.0,50700.0,67797.0,44221.73046875
50900.0,50300.0,50700.0,50700.0,97305.0,44221.73046875
51200.0,50600.0,50800.0,51000.0,100058.0,44483.39453125
51300.0,50500.0,51000.0,50600.0,73019.0,44134.50390625
51000.0,49950.0,50900.0,49950.0,74612.0,43567.55859375
50200.0,49900.0,50000.0,50100.0,33538.0,43698.390625
51200.0,50000.0,50100.0,51200.0,120353.0,44657.8359375
51300.0,50300.0,50800.0,50400.0,81560.0,43960.0625
50800.0,50000.0,50100.0,50800.0,73564.0,44308.94921875
51200.0,50200.0,50300.0,51100.0,90093.0,44570.6171875
51300.0,50400.0,51200.0,50800.0,75714.0,44308.94921875
51000.0,50500.0,50800.0,50500.0,71904.0,44047.28125
50900.0,49850.0,50900.0,49900.0,92389.0,43523.94921875
49900.0,49150.0,49900.0,49650.0,147888.0,43305.890625
49650.0,49250.0,49350.0,49650.0,93155.0,43305.890625
50400.0,49450.0,49750.0,50000.0,137308.0,43611.171875
50600.0,49850.0,50000.0,50500.0,96731.0,44047.28125
50500.0,49900.0,50500.0,50000.0,81169.0,43611.171875
50300.0,49750.0,49750.0,50200.0,77917.0,43785.6171875
51000.0,50000.0,50200.0,50800.0,112500.0,44308.94921875
50900.0,50100.0,50700.0,50200.0,81568.0,43785.6171875
50700.0,49950.0,50400.0,50700.0,129499.0,44221.73046875
50300.0,49550.0,50300.0,49600.0,155143.0,43262.28125
49850.0,49400.0,49600.0,49750.0,134388.0,43393.11328125
50900.0,49500.0,49500.0,50500.0,126117.0,44047.28125
50500.0,49950.0,50400.0,50400.0,65812.0,43960.0625
50300.0,49500.0,50000.0,50100.0,124793.0,43698.390625
50100.0,49600.0,49700.0,49650.0,140748.0,43305.890625
49900.0,49300.0,49900.0,49500.0,162119.0,43175.05859375
49950.0,49300.0,49950.0,49400.0,100171.0,43087.8359375
49750.0,49050.0,49500.0,49650.0,130856.0,43305.890625
49700.0,48700.0,49450.0,48700.0,327927.0,42477.28125
49600.0,48800.0,49100.0,49150.0,110370.0,42869.78125
48950.0,48350.0,48900.0,48650.0,106044.0,42433.66796875
48950.0,47700.0,48950.0,47850.0,120859.0,41735.88671875
48350.0,47800.0,47850.0,48300.0,135207.0,42128.390625
48550.0,47600.0,48550.0,48350.0,151373.0,42172.0
48750.0,47950.0,48000.0,48700.0,144064.0,42477.28125
48900.0,48200.0,48600.0,48500.0,91796.0,42302.8359375
49200.0,48500.0,48500.0,49100.0,98098.0,42826.171875
49550.0,48750.0,48800.0,49150.0,80884.0,42869.78125
49600.0,49000.0,49000.0,49350.0,121227.0,43044.2265625
49600.0,49000.0,49600.0,49350.0,111410.0,43044.2265625
50700.0,49350.0,49350.0,50400.0,305740.0,43960.0625
51700.0,50500.0,50800.0,51500.0,216129.0,44919.5078125
51900.0,51200.0,51400.0,51400.0,174240.0,44832.28125
52400.0,51000.0,51000.0,52100.0,352768.0,45442.83984375
52300.0,51700.0,51900.0,51800.0,139583.0,45181.17578125
52400.0,51400.0,51600.0,52200.0,136028.0,45530.0625
52600.0,51900.0,52500.0,52600.0,143081.0,45878.953125
52900.0,52100.0,52700.0,52900.0,120521.0,46140.62109375
53600.0,52900.0,52900.0,53200.0,135485.0,46402.28515625
53700.0,52600.0,53600.0,53200.0,155293.0,46402.28515625
52400.0,51300.0,51800.0,52200.0,151951.0,47216.359375
52500.0,51200.0,52500.0,51600.0,106523.0,46673.640625
51400.0,50000.0,51300.0,50000.0,143431.0,45226.3984375
50700.0,49700.0,50000.0,50300.0,126085.0,45497.75390625
51100.0,49950.0,50600.0,50100.0,154646.0,45316.84765625
50500.0,49900.0,50100.0,50500.0,107859.0,45678.66015625
49250.0,47600.0,49050.0,48800.0,193500.0,44140.96484375
49050.0,48200.0,48600.0,48600.0,203679.0,43960.05859375
48600.0,48000.0,48600.0,48300.0,124103.0,43688.69921875
48150.0,47750.0,48050.0,48150.0,96816.0,43553.01953125
48700.0,48000.0,48150.0,48700.0,137916.0,44050.51171875
48900.0,47900.0,48900.0,48250.0,185624.0,43643.4765625
48350.0,47500.0,48100.0,48300.0,219738.0,43688.69921875
48850.0,48000.0,48150.0,48850.0,170520.0,44186.19140625
48900.0,48300.0,48550.0,48700.0,129551.0,44050.51171875
48700.0,48250.0,48450.0,48400.0,72113.0,43779.15234375
48800.0,48150.0,48500.0,48600.0,95055.0,43960.05859375
48650.0,48000.0,48200.0,48350.0,156925.0,43733.92578125
48050.0,46400.0,47800.0,46550.0,196418.0,42105.7734375
46850.0,46050.0,46350.0,46550.0,125544.0,42105.7734375
46700.0,46050.0,46450.0,46400.0,117403.0,41970.09765625
46750.0,45650.0,46600.0,45700.0,192347.0,41336.92578125
45850.0,44350.0,45600.0,45000.0,187401.0,40703.7578125
45300.0,44600.0,44650.0,45300.0,288497.0,40975.1171875
45250.0,44650.0,44900.0,45100.0,197538.0,40794.2109375
47050.0,45250.0,45400.0,47050.0,199039.0,42558.0390625
46550.0,45750.0,46500.0,46000.0,137553.0,41608.28515625
45900.0,45100.0,45350.0,45600.0,166758.0,41246.4765625
46700.0,45600.0,46050.0,46600.0,157635.0,42151.00390625
46850.0,46000.0,46300.0,46450.0,214620.0,42015.32421875
47100.0,46000.0,46450.0,46000.0,164354.0,41608.28515625
46250.0,45500.0,45700.0,46050.0,139337.0,41653.51171875
46450.0,45450.0,46050.0,45900.0,89084.0,41517.83203125
46150.0,45500.0,45500.0,45850.0,96289.0,41472.60546875
46100.0,45200.0,46050.0,45300.0,87714.0,40975.1171875
45500.0,44900.0,45200.0,45150.0,124948.0,40839.4375
44650.0,43900.0,44650.0,43950.0,193560.0,39754.00390625
43600.0,41500.0,43550.0,41600.0,229758.0,37628.36328125
41750.0,40750.0,41100.0,41650.0,198750.0,37673.5859375
42000.0,41050.0,41400.0,41950.0,252165.0,37944.94921875
42000.0,41150.0,41500.0,41950.0,210228.0,37944.94921875
41600.0,40950.0,41600.0,41250.0,294536.0,37311.77734375
41500.0,40400.0,41100.0,40800.0,187080.0,36904.73828125
41650.0,40450.0,41000.0,40750.0,215622.0,36859.51171875
41100.0,40550.0,40750.0,40650.0,200295.0,36769.0625
41300.0,40500.0,40650.0,41300.0,254575.0,37357.00390625
41000.0,39650.0,41000.0,40000.0,374898.0,36181.1171875
40000.0,40000.0,40000.0,40000.0,0.0,36181.1171875
40450.0,37800.0,37900.0,40400.0,361388.0,36542.9296875
40450.0,38750.0,40000.0,40150.0,262281.0,36316.796875
40150.0,40150.0,40150.0,40150.0,0.0,36316.796875
36400.0,33850.0,35100.0,35850.0,406795.0,32427.326171875
36950.0,35050.0,36250.0,36100.0,216706.0,32653.458984375
36700.0,34550.0,34600.0,36650.0,251836.0,33150.94921875
37650.0,36300.0,36500.0,36650.0,232190.0,33150.94921875
37650.0,35200.0,36650.0,35600.0,406946.0,32201.193359375
36500.0,34700.0,35600.0,35750.0,351928.0,32336.875
34600.0,32200.0,34600.0,32600.0,339139.0,29487.611328125
35150.0,32600.0,32600.0,34900.0,366497.0,31568.025390625
40300.0,34800.0,35150.0,39900.0,484138.0,36090.6640625
40600.0,37400.0,39900.0,37400.0,400721.0,33829.34375
38850.0,37000.0,38550.0,38100.0,261659.0,34462.51171875
37850.0,35850.0,36550.0,37150.0,214033.0,33603.21484375
37650.0,36300.0,37150.0,36800.0,318723.0,33286.62890625
37600.0,35100.0,36100.0,35400.0,273704.0,32020.291015625
39150.0,35150.0,35550.0,38450.0,364422.0,34779.1015625
41000.0,36700.0,39850.0,37400.0,447562.0,33829.34375
40200.0,37700.0,37900.0,39650.0,301095.0,35864.53125
40000.0,38600.0,39850.0,39500.0,340677.0,35728.85546875
40000.0,38350.0,38800.0,39000.0,282670.0,35276.58984375
39950.0,38800.0,39850.0,39450.0,322406.0,35683.625
39150.0,38550.0,38850.0,39150.0,231442.0,35412.26953125
39300.0,38600.0,39150.0,39100.0,164461.0,35367.04296875
39450.0,38850.0,39150.0,38950.0,269727.0,35231.36328125
39150.0,37600.0,38450.0,38950.0,366290.0,35231.36328125
39450.0,38400.0,38400.0,38800.0,331931.0,35095.68359375
39400.0,38300.0,38950.0,38350.0,310990.0,34688.64453125
38300.0,37250.0,37700.0,37850.0,282678.0,34236.3828125
37350.0,36300.0,37250.0,37350.0,409883.0,33784.12109375
38700.0,37400.0,37400.0,38600.0,402968.0,34914.77734375
39100.0,37350.0,38750.0,37500.0,300181.0,33919.796875
38450.0,37500.0,37500.0,38100.0,256655.0,34462.51171875
38300.0,37350.0,37650.0,37800.0,432912.0,34191.15625
39250.0,37950.0,38000.0,38550.0,445543.0,34869.55078125
37850.0,37100.0,37800.0,37250.0,306287.0,33693.6640625
39300.0,38050.0,38050.0,38800.0,382368.0,35095.68359375
38700.0,38100.0,38650.0,38250.0,197276.0,34598.1953125
38600.0,38200.0,38500.0,38400.0,226357.0,34733.875
38550.0,37800.0,38300.0,37800.0,157719.0,34191.15625
37600.0,36700.0,37500.0,36950.0,349027.0,33422.30859375
37250.0,36500.0,36500.0,37100.0,214773.0,33557.98828125
37050.0,36300.0,36850.0,36800.0,293655.0,33286.62890625
37350.0,36900.0,37100.0,36950.0,181378.0,33422.30859375
37450.0,36650.0,37300.0,37450.0,196331.0,33874.5703125
39000.0,38000.0,38800.0,38450.0,537497.0,34779.1015625
38450.0,38000.0,38450.0,38000.0,176694.0,34372.0625
38950.0,38300.0,38450.0,38600.0,359687.0,34914.77734375
38600.0,37600.0,38600.0,37850.0,216188.0,34236.3828125
38150.0,37650.0,38150.0,37900.0,117938.0,34281.609375
39700.0,37950.0,38000.0,39550.0,388595.0,35774.08203125
40650.0,39350.0,39600.0,39550.0,311730.0,35774.08203125
39550.0,38650.0,39450.0,39000.0,224229.0,35276.58984375
38850.0,37700.0,38700.0,37700.0,631020.0,34100.703125
38850.0,38050.0,38050.0,38650.0,267626.0,34960.00390625
39350.0,38400.0,38450.0,39250.0,230484.0,35502.72265625
40900.0,39800.0,39800.0,40850.0,496828.0,36949.96875
41950.0,40100.0,41100.0,40400.0,395883.0,36542.9296875
40500.0,40000.0,40350.0,40250.0,234812.0,36407.25
41700.0,40450.0,41700.0,40500.0,327866.0,36633.3828125
41500.0,40150.0,40850.0,40400.0,281448.0,36542.9296875
40550.0,39600.0,40200.0,39650.0,283370.0,35864.53125
39400.0,38200.0,39350.0,38500.0,452691.0,34824.328125
37700.0,36750.0,37000.0,37700.0,412085.0,34100.703125
37600.0,36200.0,37350.0,36200.0,357897.0,32743.9140625
38500.0,36650.0,36650.0,38200.0,248423.0,34552.96875
39100.0,37450.0,38200.0,38000.0,327321.0,34372.0625
37950.0,37450.0,37650.0,37500.0,194679.0,33919.796875
38150.0,37200.0,38150.0,37900.0,264820.0,34281.609375
37900.0,37250.0,37500.0,37500.0,189683.0,33919.796875
38000.0,37050.0,37800.0,37500.0,186382.0,33919.796875
37650.0,37300.0,37500.0,37500.0,191471.0,33919.796875
37200.0,36050.0,37050.0,36050.0,309969.0,32608.232421875
37150.0,36250.0,36300.0,37050.0,194930.0,33512.76171875
36450.0,36000.0,36450.0,36250.0,153973.0,32789.140625
37100.0,36250.0,36400.0,36250.0,215664.0,32789.140625
36800.0,36250.0,36500.0,36350.0,110097.0,32879.58984375
37200.0,36200.0,36350.0,37200.0,201004.0,33648.4375
37500.0,36600.0,37200.0,36950.0,180077.0,33422.30859375
37200.0,36400.0,37000.0,37000.0,148789.0,33467.53125
37550.0,36750.0,37400.0,36750.0,214800.0,33241.40234375
36950.0,36400.0,36700.0,36650.0,160029.0,33150.94921875
36700.0,36150.0,36700.0,36150.0,212654.0,32698.68359375
36150.0,34950.0,36150.0,35000.0,299791.0,31658.478515625
35900.0,35000.0,35300.0,35850.0,188498.0,32427.326171875
35800.0,35350.0,35450.0,35800.0,110319.0,32382.099609375
36500.0,35550.0,36100.0,35750.0,242530.0,32336.875
36150.0,35700.0,35900.0,35900.0,169712.0,32472.552734375
36150.0,35800.0,36100.0,36000.0,115194.0,32563.0078125
36000.0,35500.0,36000.0,35600.0,172761.0,32201.193359375
36200.0,35650.0,35700.0,35900.0,195232.0,32472.552734375
37200.0,36100.0,36400.0,36100.0,339316.0,32653.458984375
36250.0,35400.0,36100.0,35700.0,249040.0,32291.6484375
35700.0,35300.0,35550.0,35350.0,137268.0,31975.060546875
35550.0,35050.0,35350.0,35050.0,226297.0,31703.703125
35300.0,34850.0,35150.0,34900.0,314826.0,31568.025390625
35500.0,34650.0,34850.0,35100.0,222619.0,31748.9296875
35450.0,34950.0,35150.0,35450.0,199280.0,32065.515625
35450.0,34900.0,35350.0,35000.0,194384.0,31658.478515625
35000.0,34250.0,35000.0,34300.0,217390.0,31025.30859375
34800.0,34150.0,34300.0,34800.0,219579.0,31477.5703125
35350.0,34550.0,34850.0,35250.0,362971.0,31884.609375
35950.0,35050.0,35250.0,35300.0,450476.0,31929.8359375
36150.0,35100.0,35300.0,35600.0,480115.0,32201.193359375
35450.0,34700.0,35400.0,35000.0,552855.0,31658.478515625
35700.0,34950.0,35000.0,35500.0,697120.0,32110.7421875
36450.0,35350.0,35400.0,36150.0,568532.0,32698.68359375
36800.0,35850.0,36450.0,35850.0,480465.0,32427.326171875
36100.0,35400.0,36100.0,35950.0,372956.0,32517.78125
35950.0,34500.0,35950.0,34550.0,501111.0,31251.439453125
35000.0,34450.0,34650.0,34850.0,291927.0,31522.80078125
34550.0,33000.0,34450.0,33000.0,538532.0,29849.423828125
33400.0,32600.0,33000.0,32900.0,393710.0,29758.96875
32800.0,32250.0,32650.0,32500.0,333247.0,29397.158203125
33250.0,32750.0,32800.0,33200.0,411729.0,30030.328125
33250.0,32600.0,33250.0,33200.0,255479.0,30030.328125
33350.0,32700.0,33300.0,32850.0,291530.0,29713.744140625
33500.0,32850.0,33000.0,33250.0,216242.0,30075.552734375
33600.0,32500.0,33300.0,32500.0,414193.0,29397.158203125
32800.0,32400.0,32550.0,32650.0,213176.0,29532.837890625
33650.0,32700.0,32700.0,33650.0,264978.0,30437.365234375
34050.0,33150.0,33500.0,33500.0,339095.0,30301.685546875
33650.0,32750.0,32800.0,33450.0,350177.0,30256.4609375
33650.0,33050.0,33350.0,33500.0,203592.0,30301.685546875
34450.0,33400.0,33500.0,33650.0,278772.0,30437.365234375
33250.0,32900.0,33250.0,33150.0,292143.0,29985.1015625
33550.0,33000.0,33300.0,33000.0,249415.0,29849.423828125
33350.0,32850.0,32900.0,33350.0,189754.0,30166.005859375
34450.0,33200.0,33450.0,33650.0,406772.0,30437.365234375
33550.0,33000.0,33450.0,33100.0,385323.0,29939.875
33300.0,32900.0,33100.0,32900.0,315120.0,29758.96875
33300.0,32900.0,33100.0,33000.0,349560.0,29849.423828125
33150.0,32800.0,33000.0,32800.0,269846.0,29668.515625
33050.0,32550.0,32800.0,32700.0,243909.0,29578.0625
32650.0,31900.0,32550.0,32000.0,336048.0,28944.89453125
32000.0,31200.0,32000.0,31250.0,373332.0,28266.498046875
31000.0,30300.0,30800.0,30300.0,341586.0,27407.197265625
30700.0,30300.0,30500.0,30550.0,147582.0,27633.330078125
31100.0,30650.0,30850.0,30950.0,141303.0,27995.140625
31450.0,31000.0,31300.0,31000.0,204381.0,28040.3671875
31550.0,30600.0,30950.0,31550.0,275274.0,28537.857421875
31850.0,31250.0,31700.0,31500.0,213632.0,28492.630859375
31850.0,31100.0,31250.0,31750.0,273692.0,28718.76171875
32100.0,31650.0,31850.0,31950.0,358684.0,28899.66796875
33500.0,31950.0,32200.0,33450.0,632054.0,30256.4609375
33700.0,33050.0,33250.0,33700.0,279549.0,30482.591796875
33700.0,32800.0,33600.0,32900.0,286009.0,29758.96875
34250.0,32650.0,32750.0,34050.0,488796.0,30799.17578125
34300.0,33050.0,34250.0,33250.0,313777.0,30075.552734375
34550.0,33400.0,33550.0,34200.0,472887.0,30934.85546875
34650.0,33650.0,33900.0,34150.0,275551.0,30889.62890625
35300.0,34150.0,34300.0,35250.0,449279.0,31884.609375
35500.0,34600.0,34900.0,35250.0,249923.0,31884.609375
35300.0,34650.0,35300.0,35200.0,176056.0,31839.384765625
35550.0,34750.0,35050.0,34850.0,329386.0,31522.80078125
34650.0,33550.0,34600.0,33600.0,371362.0,30392.138671875
34650.0,33050.0,33550.0,34550.0,240708.0,31251.439453125
34100.0,33300.0,33800.0,33800.0,267095.0,30573.04296875
33800.0,33000.0,33800.0,33000.0,276499.0,29849.423828125
33400.0,33000.0,33150.0,33150.0,137764.0,29985.1015625
34450.0,33300.0,33400.0,34250.0,371431.0,30980.08203125
34500.0,33650.0,34250.0,33800.0,267411.0,30573.04296875
34500.0,33600.0,33800.0,34250.0,199751.0,30980.08203125
34200.0,33750.0,33900.0,34000.0,182406.0,30753.951171875
34700.0,33600.0,33900.0,34500.0,295074.0,31206.212890625
37000.0,35600.0,36300.0,36850.0,1208620.0,33331.85546875
38900.0,36750.0,37000.0,38500.0,1045977.0,34824.328125
38700.0,37500.0,38100.0,37850.0,642123.0,34236.3828125
37500.0,36200.0,37300.0,36500.0,419488.0,33015.2734375
38100.0,36750.0,36750.0,38050.0,441698.0,34417.2890625
39100.0,37400.0,38750.0,37700.0,399679.0,34100.703125
37550.0,37050.0,37400.0,37400.0,210634.0,33829.34375
37200.0,36300.0,37100.0,36900.0,309796.0,33377.08203125
37500.0,36400.0,36900.0,37450.0,235232.0,33874.5703125
37650.0,36850.0,37350.0,37500.0,231961.0,33919.796875
38800.0,37850.0,37900.0,38200.0,531931.0,34552.96875
39350.0,37400.0,39050.0,37800.0,624455.0,34191.15625
37850.0,37150.0,37800.0,37650.0,249910.0,34055.4765625
37600.0,37100.0,37450.0,37350.0,223342.0,33784.12109375
37600.0,35050.0,37550.0,35050.0,1359600.0,31703.703125
36900.0,35450.0,35500.0,36700.0,520788.0,33196.17578125
37150.0,36350.0,36900.0,37050.0,402973.0,33512.76171875
37400.0,36550.0,37350.0,36700.0,315861.0,33196.17578125
37100.0,36200.0,36900.0,36450.0,389141.0,32970.04296875
36800.0,36100.0,36750.0,36450.0,247976.0,32970.04296875
37050.0,36050.0,36450.0,37050.0,368648.0,33512.76171875
37850.0,36750.0,37050.0,37700.0,524068.0,34100.703125
37950.0,37200.0,37500.0,37650.0,727626.0,34055.4765625
38550.0,37900.0,38250.0,38400.0,557747.0,34733.875
38300.0,37700.0,38300.0,37950.0,370384.0,34326.8359375
37900.0,37400.0,37800.0,37550.0,294898.0,33965.0234375
38150.0,37700.0,37800.0,38000.0,277909.0,34372.0625
38500.0,37600.0,38000.0,38050.0,357421.0,34417.2890625
38450.0,37900.0,38100.0,38050.0,326493.0,34417.2890625
38350.0,37800.0,38300.0,38200.0,273467.0,34552.96875
38150.0,37200.0,38000.0,37250.0,299262.0,33693.6640625
37550.0,36750.0,37300.0,36800.0,341470.0,33286.62890625
37500.0,37000.0,37000.0,37500.0,244796.0,33919.796875
38300.0,37550.0,37700.0,38250.0,617132.0,34598.1953125
37700.0,37100.0,37650.0,37300.0,411524.0,35502.41015625
37800.0,37150.0,37350.0,37550.0,247385.0,35740.36328125
38300.0,37250.0,37700.0,37800.0,546430.0,35978.3125
38100.0,37350.0,37800.0,37950.0,535413.0,36121.0859375
40000.0,38150.0,39100.0,38300.0,1256359.0,36454.21875
39900.0,38650.0,39150.0,39500.0,1051918.0,37596.38671875
41700.0,39600.0,40100.0,41600.0,1207880.0,39595.18359375
41750.0,39200.0,41700.0,39900.0,1005777.0,37977.109375
40700.0,39350.0,39900.0,40050.0,697899.0,38119.87890625
40750.0,39800.0,40600.0,40050.0,453493.0,38119.87890625
40900.0,39900.0,40100.0,40550.0,580596.0,38595.78515625
41250.0,39750.0,41000.0,39750.0,519877.0,37834.33984375
39750.0,38200.0,39500.0,38300.0,480619.0,36454.21875
39000.0,38400.0,38600.0,38650.0,342269.0,36787.3515625
39000.0,38100.0,39000.0,38750.0,321105.0,36882.53125
39800.0,38850.0,38900.0,39750.0,368396.0,37834.33984375
39900.0,39050.0,39850.0,39050.0,359488.0,37168.07421875
39050.0,38500.0,39050.0,38850.0,325524.0,36977.7109375
38950.0,38100.0,38900.0,38100.0,440774.0,36263.85546875
38450.0,37800.0,38100.0,37900.0,262892.0,36073.49609375
37600.0,36950.0,37350.0,36950.0,307782.0,35169.27734375
37250.0,35800.0,37100.0,36250.0,430139.0,34503.01171875
37450.0,36250.0,36250.0,37300.0,257825.0,35502.41015625
38250.0,37300.0,37450.0,38100.0,229784.0,36263.85546875
38500.0,37500.0,38400.0,37950.0,293470.0,36121.0859375
38500.0,37250.0,38200.0,37500.0,405657.0,35692.7734375
38050.0,37250.0,37750.0,38050.0,326299.0,36216.265625
39200.0,38350.0,38350.0,38900.0,530429.0,37025.30078125
40200.0,38900.0,39550.0,38900.0,671778.0,37025.30078125
39350.0,38550.0,39050.0,38800.0,382102.0,36930.12109375
40600.0,39650.0,39900.0,39950.0,602603.0,38024.69921875
40450.0,39700.0,40300.0,40200.0,340418.0,38262.65234375
40950.0,39700.0,40250.0,40950.0,681711.0,38976.5078125
41650.0,39750.0,41400.0,39750.0,646146.0,37834.33984375
40050.0,38250.0,39900.0,38950.0,593656.0,37072.89453125
41250.0,39400.0,39550.0,41000.0,922640.0,39024.09765625
42050.0,40650.0,41400.0,41300.0,946681.0,39309.640625
41700.0,39500.0,41450.0,39500.0,720116.0,37596.38671875
40500.0,39850.0,40500.0,39950.0,476087.0,38024.69921875
39400.0,38550.0,39000.0,39000.0,607906.0,37120.484375
39850.0,38300.0,39800.0,38500.0,573951.0,36644.578125
39100.0,38300.0,38400.0,39100.0,297223.0,37215.6640625
39500.0,38600.0,38900.0,38850.0,342738.0,36977.7109375
39450.0,38350.0,39000.0,38550.0,451865.0,36692.16796875
40450.0,38850.0,39100.0,39800.0,697194.0,37881.9296875
40100.0,38800.0,40100.0,39150.0,478170.0,37263.25390625
39400.0,38450.0,39200.0,38650.0,319693.0,36787.3515625
39500.0,38600.0,38700.0,39150.0,375572.0,37263.25390625
40000.0,39350.0,39700.0,40000.0,338733.0,38072.2890625
40350.0,39700.0,40100.0,40300.0,315527.0,38357.83203125
40700.0,40000.0,40400.0,40550.0,290382.0,38595.78515625
40500.0,39850.0,40450.0,40100.0,209921.0,38167.47265625
40400.0,39500.0,40400.0,39800.0,353770.0,37881.9296875
39250.0,38800.0,38900.0,38900.0,422309.0,37025.30078125
39300.0,38900.0,39200.0,39250.0,182279.0,37358.43359375
39650.0,38700.0,39500.0,38700.0,328814.0,36834.94140625
38800.0,38150.0,38150.0,38650.0,290906.0,36787.3515625
39050.0,38650.0,38850.0,38950.0,230318.0,37072.89453125
39000.0,38750.0,39000.0,38950.0,264184.0,37072.89453125
39050.0,38800.0,39050.0,38850.0,258130.0,36977.7109375
39400.0,38850.0,38900.0,39050.0,243727.0,37168.07421875
39200.0,38950.0,39000.0,39100.0,240234.0,37215.6640625
39350.0,38950.0,39100.0,39200.0,216954.0,37310.84375
39450.0,39100.0,39450.0,39250.0,173274.0,37358.43359375
39050.0,38750.0,39000.0,38900.0,208245.0,37025.30078125
38900.0,38600.0,38850.0,38750.0,181773.0,36882.53125
39100.0,38750.0,38800.0,38900.0,187301.0,37025.30078125
39250.0,38800.0,39000.0,39050.0,276554.0,37168.07421875
39100.0,38850.0,39100.0,38900.0,228170.0,37025.30078125
39100.0,38750.0,38950.0,39050.0,191841.0,37168.07421875
39200.0,38950.0,39050.0,39050.0,387828.0,37168.07421875
41350.0,39050.0,39050.0,40650.0,1300171.0,38690.96484375
41500.0,40500.0,40700.0,41400.0,656297.0,39404.8203125
41800.0,40850.0,41500.0,41650.0,414493.0,39642.7734375
41500.0,40800.0,41450.0,41050.0,337413.0,39071.6875
41700.0,40850.0,41050.0,41450.0,350520.0,39452.41015625
42900.0,40900.0,41400.0,42750.0,727935.0,40689.76171875
43250.0,42300.0,42900.0,42350.0,382688.0,40309.0390625
42750.0,41750.0,42200.0,42250.0,246052.0,40213.85546875
44650.0,42300.0,42400.0,44400.0,876231.0,42260.2421875
44650.0,43700.0,44350.0,44450.0,431792.0,42307.83203125
45500.0,43950.0,44600.0,44900.0,712234.0,42736.14453125
45250.0,43950.0,45100.0,44250.0,338606.0,42117.47265625
44600.0,43050.0,44600.0,43050.0,566370.0,40975.30078125
44400.0,42250.0,42900.0,43450.0,449267.0,41356.02734375
43850.0,42350.0,43850.0,43000.0,405784.0,40927.7109375
46750.0,43150.0,43200.0,46650.0,1045093.0,44401.80859375
46900.0,46100.0,46800.0,46700.0,412238.0,44449.3984375
49600.0,46650.0,46850.0,49300.0,1258898.0,46924.09765625
50300.0,48300.0,49450.0,50000.0,1185306.0,47590.36328125
49500.0,47100.0,49200.0,47650.0,939668.0,45353.6171875
49350.0,47000.0,47100.0,47700.0,856425.0,45401.20703125
48550.0,47600.0,47950.0,48250.0,342821.0,45924.69921875
48650.0,47050.0,48600.0,47650.0,422489.0,45353.6171875
49800.0,47850.0,48100.0,49100.0,606491.0,46733.73828125
48400.0,46350.0,48100.0,46900.0,719198.0,44639.76171875
46900.0,45250.0,46850.0,46150.0,579870.0,43925.90625
46550.0,45850.0,46250.0,46050.0,232423.0,43830.72265625
46950.0,46300.0,46550.0,46700.0,312797.0,44449.3984375
47200.0,46250.0,46800.0,46850.0,271744.0,44592.171875
47100.0,45550.0,47000.0,45800.0,765346.0,43592.7734375
46450.0,45900.0,46050.0,46250.0,256605.0,44021.0859375
46450.0,45600.0,46400.0,46100.0,257700.0,43878.31640625
48550.0,46250.0,46250.0,48050.0,595903.0,45734.33984375
48450.0,47650.0,48450.0,48300.0,373988.0,45972.2890625
49350.0,47850.0,48550.0,48050.0,390816.0,45734.33984375
47850.0,47150.0,47600.0,47350.0,272492.0,45068.07421875
47800.0,46900.0,47800.0,47400.0,231158.0,45115.6640625
48200.0,47050.0,47400.0,47650.0,318334.0,45353.6171875
48300.0,47500.0,47950.0,47750.0,279669.0,45448.796875
47800.0,47300.0,47600.0,47700.0,280566.0,45401.20703125
47850.0,47250.0,47350.0,47300.0,272493.0,45020.484375
47500.0,46650.0,47300.0,46900.0,212926.0,44639.76171875
47350.0,46700.0,46900.0,47000.0,224119.0,44734.94140625
48600.0,47450.0,47700.0,47600.0,367429.0,45306.02734375
48000.0,47350.0,47650.0,47550.0,190350.0,45258.43359375
47450.0,46350.0,47400.0,46350.0,417367.0,44116.265625
46400.0,45550.0,46000.0,46150.0,330559.0,43925.90625
46950.0,46200.0,46600.0,46450.0,214350.0,44211.4453125
46550.0,45500.0,46500.0,45600.0,278092.0,43402.41015625
45900.0,45250.0,45800.0,45900.0,206398.0,43687.953125
47050.0,46050.0,46050.0,46900.0,294889.0,44639.76171875
47100.0,46400.0,46850.0,47100.0,194469.0,44830.12109375
47300.0,45750.0,47300.0,46300.0,355716.0,44068.67578125
46600.0,46000.0,46350.0,46250.0,216316.0,44021.0859375
47200.0,45950.0,46500.0,46250.0,348611.0,44021.0859375
47400.0,46350.0,46850.0,46850.0,364420.0,44592.171875
47200.0,46350.0,47000.0,46450.0,183889.0,44211.4453125
47200.0,46300.0,46700.0,47000.0,292427.0,44734.94140625
46350.0,45600.0,46250.0,45750.0,371470.0,43545.18359375
45700.0,44350.0,45600.0,44700.0,471303.0,42545.78515625
44450.0,43650.0,44400.0,44050.0,246987.0,41927.109375
45050.0,44350.0,44550.0,44450.0,146031.0,42307.83203125
45400.0,44450.0,44700.0,45250.0,138509.0,43069.27734375
45350.0,44550.0,45200.0,44950.0,146874.0,42783.73828125
44800.0,44450.0,44800.0,44500.0,147401.0,42355.421875
44500.0,44000.0,44300.0,44000.0,189436.0,41879.51953125
43850.0,43500.0,43750.0,43800.0,131492.0,41689.15625
43550.0,42700.0,42700.0,43400.0,199538.0,41308.43359375
43750.0,42950.0,43600.0,43050.0,130211.0,40975.30078125
43950.0,43300.0,43650.0,43750.0,180979.0,41641.56640625
44050.0,43550.0,43750.0,43750.0,105893.0,41641.56640625
43750.0,43150.0,43750.0,43150.0,114040.0,41070.484375
43950.0,43300.0,43300.0,43550.0,119028.0,41451.20703125
44150.0,43400.0,43850.0,43750.0,121986.0,41641.56640625
44000.0,43700.0,43800.0,43850.0,89884.0,41736.75
43600.0,42800.0,43600.0,42800.0,205976.0,40737.3515625
43300.0,42500.0,43200.0,43050.0,151121.0,40975.30078125
43250.0,42550.0,42600.0,43150.0,151888.0,41070.484375
43750.0,42850.0,42900.0,43550.0,181655.0,41451.20703125
43500.0,43050.0,43250.0,43400.0,115089.0,41308.43359375
43500.0,43100.0,43400.0,43150.0,105691.0,41070.484375
43100.0,42600.0,42850.0,42700.0,156286.0,40642.171875
43250.0,42300.0,43100.0,42400.0,212447.0,40356.62890625
42850.0,42000.0,42450.0,42250.0,312576.0,40213.85546875
43100.0,42000.0,42600.0,42000.0,281895.0,39975.90625
42600.0,41450.0,42300.0,41850.0,251031.0,39833.1328125
42200.0,41300.0,41900.0,41600.0,222969.0,39595.18359375
42250.0,40800.0,41050.0,41450.0,197219.0,39452.41015625
41300.0,39950.0,41050.0,40100.0,388544.0,38167.47265625
40300.0,39350.0,40250.0,39400.0,220483.0,37501.20703125
40350.0,39450.0,39450.0,40000.0,187733.0,38072.2890625
41300.0,40400.0,40650.0,41150.0,168417.0,39166.8671875
41850.0,41250.0,41700.0,41500.0,176988.0,39500.0
42350.0,41200.0,41750.0,41500.0,157418.0,39500.0
41700.0,41050.0,41500.0,41550.0,109164.0,39547.58984375
42350.0,41800.0,42250.0,42150.0,184380.0,40118.67578125
42650.0,41600.0,42200.0,42500.0,331636.0,40451.80859375
42550.0,41850.0,42050.0,42200.0,155077.0,40166.265625
42650.0,41700.0,41900.0,42200.0,159422.0,40166.265625
42450.0,41900.0,42300.0,41950.0,156585.0,39928.31640625
42050.0,41650.0,41900.0,41950.0,120471.0,39928.31640625
42550.0,41850.0,42200.0,42250.0,142729.0,40213.85546875
43300.0,42100.0,42100.0,43100.0,288468.0,41022.89453125
43200.0,41500.0,42900.0,41500.0,360920.0,39500.0
42000.0,41300.0,41800.0,41950.0,135137.0,39928.31640625
42200.0,41600.0,41800.0,42000.0,152248.0,39975.90625
43550.0,42250.0,42650.0,43050.0,332196.0,40975.30078125
43500.0,42950.0,43000.0,43000.0,193825.0,40927.7109375
43950.0,43250.0,43650.0,43600.0,272565.0,41498.796875
43850.0,42800.0,43850.0,43050.0,355310.0,40975.30078125
43450.0,42700.0,42900.0,42750.0,283073.0,40689.76171875
43950.0,42800.0,43050.0,43700.0,357368.0,41593.9765625
44950.0,43450.0,43600.0,44800.0,394641.0,42640.96484375
46350.0,45100.0,45200.0,45750.0,713005.0,43545.18359375
45700.0,44300.0,44850.0,44450.0,339547.0,42307.83203125
44900.0,44000.0,44500.0,44750.0,230755.0,42593.375
44950.0,44050.0,44800.0,44200.0,186774.0,42069.8828125
46200.0,44450.0,44950.0,45300.0,423160.0,43116.8671875
46350.0,45400.0,46000.0,45400.0,575581.0,43212.05078125
45300.0,43800.0,45000.0,44800.0,412187.0,42640.96484375
44900.0,43450.0,44300.0,43800.0,242128.0,41689.15625
45450.0,43950.0,44150.0,45000.0,295449.0,42831.328125
45300.0,44450.0,44950.0,45150.0,197752.0,42974.09765625
45000.0,44250.0,44750.0,44800.0,196635.0,42640.96484375
45400.0,44450.0,44800.0,45400.0,187993.0,43212.05078125
45750.0,44900.0,45500.0,45350.0,171414.0,43164.4609375
45600.0,44900.0,45450.0,45300.0,114602.0,43116.8671875
45500.0,44350.0,45500.0,44500.0,194538.0,42355.421875
45250.0,44550.0,45000.0,45250.0,278046.0,43069.27734375
45050.0,43600.0,44750.0,43900.0,270538.0,41784.33984375
44400.0,43500.0,43750.0,44350.0,139008.0,42212.65234375
44400.0,43900.0,44350.0,44050.0,130851.0,41927.109375
44250.0,43550.0,44050.0,43800.0,171217.0,41689.15625
43750.0,42700.0,43600.0,42700.0,283360.0,40642.171875
42950.0,42100.0,42700.0,42250.0,196217.0,40213.85546875
42550.0,42150.0,42150.0,42500.0,94313.0,40451.80859375
43650.0,42550.0,42550.0,43450.0,173632.0,41356.02734375
43300.0,42600.0,43200.0,42700.0,134907.0,40642.171875
43300.0,42500.0,42700.0,42800.0,143520.0,40737.3515625
43000.0,41650.0,42800.0,42150.0,264134.0,40118.67578125
43150.0,41750.0,42300.0,42950.0,174393.0,40880.12109375
44200.0,42900.0,42950.0,44050.0,240458.0,41927.109375
44250.0,43150.0,44000.0,43350.0,163836.0,41260.84375
42800.0,41800.0,42800.0,41850.0,275184.0,39833.1328125
42700.0,41950.0,42000.0,42550.0,81548.0,40499.3984375
42700.0,42100.0,42550.0,42700.0,102378.0,40642.171875
42900.0,42000.0,42400.0,42150.0,152961.0,40118.67578125
42350.0,41000.0,42200.0,41250.0,241100.0,39262.05078125
41100.0,40300.0,41100.0,40300.0,226420.0,38357.83203125
40700.0,39950.0,40400.0,39950.0,248787.0,38024.69921875
40150.0,39550.0,39750.0,39850.0,231842.0,37929.51953125
40300.0,39650.0,39700.0,40200.0,192986.0,38262.65234375
40650.0,40200.0,40400.0,40500.0,127830.0,38548.1953125
40350.0,40000.0,40250.0,40000.0,80583.0,38072.2890625
40050.0,38950.0,40050.0,39050.0,335136.0,37168.07421875
38800.0,37500.0,38200.0,38600.0,243762.0,36739.76171875
38750.0,37500.0,38650.0,37500.0,437679.0,35692.7734375
38100.0,37150.0,37450.0,37900.0,297533.0,36073.49609375
38700.0,37300.0,37700.0,38700.0,201557.0,36834.94140625
39300.0,38350.0,38700.0,39150.0,313632.0,37263.25390625
40200.0,38600.0,39200.0,39650.0,217886.0,37739.15625
40300.0,39700.0,40050.0,40250.0,146384.0,38310.2421875
40950.0,40050.0,40500.0,40200.0,259899.0,38262.65234375
40400.0,39850.0,40050.0,40150.0,250752.0,38215.0625
40450.0,39800.0,39850.0,40250.0,124567.0,38310.2421875
41050.0,40250.0,40450.0,40550.0,193107.0,38595.78515625
40550.0,39950.0,40250.0,40350.0,136731.0,38405.421875
40450.0,40000.0,40350.0,40050.0,138208.0,38119.87890625
40800.0,40200.0,40200.0,40800.0,128809.0,38833.734375
41250.0,40200.0,40600.0,41250.0,206649.0,39262.05078125
40950.0,40250.0,40900.0,40500.0,144533.0,38548.1953125
41000.0,40350.0,40400.0,40350.0,142245.0,38405.421875
40750.0,40350.0,40500.0,40500.0,110361.0,38548.1953125
40900.0,40450.0,40600.0,40650.0,108679.0,38690.96484375
41150.0,40500.0,40650.0,41150.0,100966.0,39166.8671875
41400.0,40700.0,41200.0,40850.0,192733.0,38881.328125
41500.0,40850.0,41000.0,41500.0,314458.0,39500.0
40200.0,39400.0,40150.0,39500.0,388413.0,39500.0
39550.0,39000.0,39350.0,39100.0,172403.0,39100.0
39700.0,39150.0,39250.0,39550.0,96773.0,39550.0
40050.0,39250.0,39450.0,39550.0,172616.0,39550.0
40250.0,39100.0,39300.0,40050.0,212023.0,40050.0
40550.0,39650.0,40300.0,39700.0,205446.0,39700.0
40050.0,39450.0,39450.0,39800.0,136777.0,39800.0
40050.0,39350.0,39500.0,39700.0,210882.0,39700.0
40550.0,40000.0,40150.0,40550.0,314027.0,40550.0
40800.0,40150.0,40650.0,40300.0,238584.0,40300.0
40250.0,39750.0,40100.0,39900.0,153503.0,39900.0
39900.0,39050.0,39700.0,39150.0,155099.0,39150.0
39400.0,38900.0,39300.0,39200.0,156508.0,39200.0
40700.0,39200.0,39200.0,39850.0,278134.0,39850.0
40300.0,39350.0,40100.0,39550.0,148859.0,39550.0
39450.0,38850.0,39250.0,39050.0,180453.0,39050.0
39500.0,38600.0,39150.0,38650.0,174630.0,38650.0
38700.0,37600.0,38500.0,37900.0,231614.0,37900.0
37900.0,37900.0,37900.0,37900.0,0.0,37900.0
38550.0,37050.0,38550.0,37050.0,228115.0,37050.0
38400.0,37000.0,37600.0,38350.0,177058.0,38350.0
39750.0,38700.0,38750.0,39350.0,194576.0,39350.0
40150.0,39500.0,39500.0,39950.0,147872.0,39950.0
40100.0,39400.0,39950.0,39950.0,152386.0,39950.0
39950.0,39950.0,39950.0,39950.0,0.0,39950.0
39950.0,39950.0,39950.0,39950.0,0.0,39950.0
41350.0,40650.0,40900.0,41000.0,283013.0,41000.0
42100.0,40900.0,41050.0,41600.0,379004.0,41600.0
42050.0,41100.0,42050.0,41400.0,237290.0,41400.0
41650.0,40300.0,41600.0,40850.0,185918.0,40850.0
41200.0,40200.0,40850.0,41050.0,214846.0,41050.0
41600.0,41000.0,41150.0,41500.0,203958.0,41500.0
41400.0,40800.0,41000.0,40850.0,154049.0,40850.0
40850.0,40850.0,40850.0,40850.0,0.0,40850.0
40850.0,40850.0,40850.0,40850.0,0.0,40850.0
40850.0,40850.0,40850.0,40850.0,0.0,40850.0
41000.0,39800.0,39800.0,40800.0,249957.0,40800.0
40850.0,40050.0,40550.0,40500.0,156114.0,40500.0
40500.0,40500.0,40500.0,40500.0,0.0,40500.0
41750.0,40400.0,40450.0,41350.0,352161.0,41350.0
41350.0,41350.0,41350.0,41350.0,0.0,41350.0
41350.0,41350.0,41350.0,41350.0,0.0,41350.0
43200.0,41850.0,42600.0,41900.0,306880.0,41900.0
42200.0,40550.0,41900.0,40650.0,223253.0,40650.0
40650.0,40650.0,40650.0,40650.0,0.0,40650.0
40650.0,40650.0,40650.0,40650.0,0.0,40650.0
41200.0,40250.0,40250.0,40850.0,222385.0,40850.0
40850.0,40850.0,40850.0,40850.0,0.0,40850.0
40850.0,40850.0,40850.0,40850.0,0.0,40850.0
40850.0,40850.0,40850.0,40850.0,0.0,40850.0
40300.0,39800.0,39850.0,40300.0,230320.0,40300.0
40300.0,40300.0,40300.0,40300.0,0.0,40300.0
40450.0,40050.0,40150.0,40150.0,91260.0,40150.0
40700.0,40200.0,40250.0,40500.0,147263.0,40500.0
41100.0,40400.0,40600.0,40500.0,167185.0,40500.0
40850.0,40200.0,40300.0,40800.0,160431.0,40800.0
43050.0,40450.0,40550.0,43050.0,756587.0,43050.0
43350.0,42500.0,42750.0,42950.0,445370.0,42950.0
43050.0,42100.0,42900.0,42600.0,233913.0,42600.0
44000.0,42250.0,42900.0,43900.0,420439.0,43900.0
44500.0,43200.0,43500.0,43950.0,346586.0,43950.0
44750.0,43650.0,43700.0,44700.0,246108.0,44700.0
44850.0,44200.0,44800.0,44800.0,207133.0,44800.0
44750.0,43750.0,44150.0,44600.0,209043.0,44600.0
44200.0,43050.0,44100.0,43150.0,370388.0,43150.0
43500.0,42750.0,43200.0,43300.0,146616.0,43300.0
44650.0,42700.0,43050.0,44400.0,224601.0,44400.0
44000.0,43450.0,43850.0,43600.0,149965.0,43600.0
44400.0,43900.0,44150.0,44200.0,121794.0,44200.0
44550.0,43900.0,43950.0,44250.0,170714.0,44250.0
44450.0,43650.0,44350.0,44200.0,181322.0,44200.0
44750.0,43750.0,43750.0,44300.0,135532.0,44300.0
44500.0,43800.0,44500.0,44450.0,193303.0,44450.0
44550.0,43800.0,44350.0,44500.0,225924.0,44500.0
44650.0,43850.0,44650.0,44050.0,177465.0,44050.0
44150.0,43250.0,43650.0,44100.0,132700.0,44100.0
44550.0,43450.0,43500.0,43850.0,233178.0,43850.0
44000.0,43400.0,43650.0,43650.0,127573.0,43650.0
44050.0,42800.0,43200.0,43750.0,199625.0,43750.0
44200.0,43250.0,43650.0,43950.0,260800.0,43950.0
44050.0,43400.0,43550.0,43700.0,277133.0,43700.0
44550.0,43200.0,43550.0,44550.0,259566.0,44550.0
45250.0,44150.0,44600.0,45100.0,283855.0,45100.0
47050.0,45200.0,45400.0,46700.0,653974.0,46700.0
47950.0,46100.0,46300.0,47700.0,499765.0,47700.0
48050.0,47150.0,47450.0,47350.0,532647.0,47350.0
47550.0,45650.0,47350.0,46450.0,449959.0,46450.0
47850.0,45800.0,46850.0,46850.0,396400.0,46850.0
47750.0,47000.0,47700.0,47450.0,246064.0,47450.0
47850.0,46100.0,47700.0,46800.0,277158.0,46800.0
47600.0,46500.0,47250.0,47000.0,353528.0,47000.0
47200.0,45800.0,47150.0,46000.0,340531.0,46000.0
45500.0,44900.0,45000.0,45450.0,313370.0,45450.0
46500.0,45450.0,46100.0,45750.0,357217.0,45750.0
45900.0,44400.0,45800.0,45100.0,323356.0,45100.0
44950.0,42700.0,44600.0,42750.0,940984.0,42750.0
43550.0,42900.0,43100.0,43400.0,468684.0,43400.0
43850.0,43050.0,43100.0,43850.0,255422.0,43850.0
44800.0,43950.0,44100.0,44650.0,293368.0,44650.0
44950.0,44250.0,44900.0,44550.0,223806.0,44550.0
45400.0,44400.0,44750.0,45400.0,701568.0,45400.0
46250.0,45200.0,45450.0,45900.0,392490.0,45900.0
46550.0,45950.0,46200.0,46500.0,178558.0,46500.0
47800.0,46500.0,46600.0,47300.0,450838.0,47300.0
48100.0,46950.0,47500.0,47950.0,284180.0,47950.0
48600.0,47550.0,48050.0,47900.0,376393.0,47900.0
48300.0,47250.0,47450.0,47550.0,254659.0,47550.0
47550.0,46000.0,46800.0,46300.0,324235.0,46300.0
46150.0,45150.0,45700.0,46000.0,318761.0,46000.0
46150.0,45000.0,46100.0,45500.0,273344.0,45500.0
46350.0,45350.0,45600.0,45650.0,303675.0,45650.0
45700.0,44300.0,44850.0,45350.0,490649.0,45350.0
45400.0,42500.0,45350.0,42850.0,669790.0,42850.0
43500.0,42500.0,43150.0,42750.0,187743.0,42750.0
43450.0,42000.0,43150.0,42250.0,288034.0,42250.0
42350.0,40200.0,42250.0,40450.0,405266.0,40450.0
41400.0,39900.0,40400.0,41350.0,356406.0,41350.0
41750.0,40650.0,41400.0,41500.0,196428.0,41500.0
42500.0,41350.0,41750.0,41750.0,274651.0,41750.0
43000.0,41600.0,41750.0,42800.0,288512.0,42800.0
42900.0,41750.0,42900.0,41850.0,212310.0,41850.0
42700.0,40550.0,42600.0,40900.0,223271.0,40900.0
41200.0,40000.0,41100.0,40600.0,204840.0,40600.0
41050.0,40200.0,40850.0,40950.0,209505.0,40950.0
40350.0,38300.0,40300.0,38450.0,560899.0,38450.0
39900.0,38450.0,38950.0,39600.0,267620.0,39600.0
40300.0,39650.0,39750.0,39650.0,135373.0,39650.0
40100.0,39350.0,39850.0,39600.0,141612.0,39600.0
39700.0,38450.0,39700.0,38850.0,187872.0,38850.0
39750.0,38300.0,38400.0,39200.0,240749.0,39200.0
39850.0,38800.0,38900.0,39150.0,216922.0,39150.0
39750.0,38150.0,39750.0,38700.0,245052.0,38700.0
39600.0,38600.0,38900.0,39500.0,229419.0,39500.0
40050.0,39450.0,39750.0,39850.0,121859.0,39850.0
40400.0,39900.0,40300.0,40200.0,123559.0,40200.0
40850.0,39700.0,39750.0,40800.0,195377.0,40800.0
40550.0,39700.0,40400.0,40150.0,140610.0,40150.0
40850.0,40000.0,40150.0,40700.0,152454.0,40700.0
40950.0,40450.0,40800.0,40700.0,99949.0,40700.0
41200.0,40500.0,40900.0,41150.0,160665.0,41150.0
41450.0,40900.0,41250.0,41250.0,119368.0,41250.0
41800.0,41150.0,41600.0,41650.0,230159.0,41650.0
41700.0,40650.0,41500.0,40850.0,89320.0,40850.0
41250.0,40400.0,40600.0,41100.0,165210.0,41100.0
41300.0,40250.0,41300.0,40850.0,123525.0,40850.0
40850.0,40150.0,40500.0,40400.0,140052.0,40400.0
40750.0,40000.0,40500.0,40550.0,156197.0,40550.0
40850.0,40250.0,40450.0,40850.0,106479.0,40850.0
41450.0,40700.0,40800.0,41350.0,115491.0,41350.0
42100.0,41100.0,41550.0,41600.0,225430.0,41600.0
43350.0,41700.0,41950.0,42600.0,289466.0,42600.0
43550.0,42700.0,42800.0,43500.0,160908.0,43500.0
43800.0,43050.0,43100.0,43800.0,181043.0,43800.0
44050.0,43200.0,43700.0,43750.0,146875.0,43750.0
44550.0,43250.0,43700.0,44200.0,168401.0,44200.0
44600.0,44000.0,44500.0,44350.0,115781.0,44350.0
44650.0,43550.0,44300.0,44400.0,128833.0,44400.0
45600.0,44250.0,44350.0,45050.0,200611.0,45050.0
45700.0,44950.0,45400.0,45350.0,150923.0,45350.0
45700.0,45100.0,45300.0,45350.0,91116.0,45350.0
45450.0,44450.0,45250.0,45350.0,151170.0,45350.0
45800.0,44400.0,44750.0,45300.0,179570.0,45300.0
47300.0,45550.0,45850.0,46650.0,358359.0,46650.0
46500.0,45300.0,46450.0,46050.0,261645.0,46050.0
46200.0,45100.0,45150.0,45650.0,161269.0,45650.0
46000.0,44750.0,45150.0,45750.0,156489.0,45750.0
46400.0,45300.0,46150.0,45550.0,139605.0,45550.0
47050.0,45550.0,46050.0,46000.0,163855.0,46000.0
46100.0,45050.0,45600.0,45300.0,149323.0,45300.0
45450.0,44500.0,45100.0,45400.0,211254.0,45400.0
46400.0,45500.0,45650.0,46050.0,193358.0,46050.0
45650.0,45000.0,45500.0,45650.0,159487.0,45650.0
45900.0,45200.0,45400.0,45650.0,140233.0,45650.0
46100.0,44850.0,45300.0,46100.0,228904.0,46100.0
46100.0,45450.0,46050.0,45900.0,86773.0,45900.0
46550.0,45700.0,46300.0,46300.0,156106.0,46300.0
46700.0,45700.0,45850.0,46600.0,122288.0,46600.0
47450.0,46050.0,46200.0,47400.0,282666.0,47400.0
47500.0,45700.0,47500.0,45850.0,130095.0,45850.0
44950.0,41500.0,44950.0,41900.0,397932.0,41900.0
42600.0,41750.0,41950.0,42600.0,173824.0,42600.0
42750.0,41150.0,41750.0,41600.0,184898.0,41600.0
42950.0,41300.0,42200.0,41800.0,223664.0,41800.0
42400.0,41300.0,42150.0,41700.0,223372.0,41700.0
43850.0,42350.0,42550.0,43600.0,136703.0,43600.0
44400.0,43150.0,44400.0,43450.0,138505.0,43450.0
44400.0,43400.0,43900.0,44100.0,154808.0,44100.0
44550.0,43300.0,43300.0,44450.0,168862.0,44450.0
44800.0,43850.0,44550.0,43850.0,230604.0,43850.0
44250.0,43400.0,43700.0,44050.0,134631.0,44050.0
44450.0,43650.0,44150.0,43650.0,138159.0,43650.0
46250.0,43700.0,43750.0,45950.0,214008.0,45950.0
46800.0,45400.0,45850.0,46650.0,167820.0,46650.0
47300.0,46300.0,46750.0,47300.0,217012.0,47300.0
47650.0,46600.0,47350.0,46850.0,141905.0,46850.0
47400.0,46650.0,46750.0,47400.0,594028.0,47400.0
47100.0,46000.0,46900.0,46450.0,130995.0,46450.0
47400.0,46350.0,47100.0,46850.0,144432.0,46850.0
47100.0,45350.0,47100.0,45700.0,145763.0,45700.0
45650.0,44200.0,45300.0,44700.0,152594.0,44700.0
45750.0,44850.0,45150.0,45650.0,88610.0,45650.0
46550.0,45350.0,45350.0,46400.0,151490.0,46400.0
